CP,Provincia,ciudad
77527060,Georgia,Port Vicki
35312144,Arkansas,Jackieside
73311716,Montana,Bennettside
45529875,Wisconsin,Matthewville
90031713,Massachusetts,Bishopfurt
99139514,Hawaii,Matthewview
98206710,Louisiana,Howellborough
44139376,Alabama,Smithport
56473270,Nevada,West Stephaniemouth
41127588,Virginia,Warrenbury
79279768,Kansas,South Rodney
30396886,Oregon,North Danielfort
44012805,Nevada,East Jason
38373062,Vermont,Hinesfort
86898475,Tennessee,East Jessica
7850425,Hawaii,Traciview
29348526,Iowa,Lake Kendrashire
12268436,Georgia,East Nathaniel
90524297,Illinois,Sarahbury
8645391,Kansas,East William
78443932,New Jersey,Port Gregory
40843462,Montana,North Marie
76493473,South Carolina,Johnnytown
28481378,Missouri,New Rogertown
52756757,Rhode Island,Pachecoburgh
52208843,Arizona,Rodriguezport
48623955,Oregon,Jeffreymouth
61707673,Ohio,Lake Mary
77282089,Georgia,North Rebecca
7004474,California,Jessicaside
67420980,California,West Scott
9357877,New Jersey,Millerfort
40211221,Maryland,Port Jesusview
90047337,Oregon,East Greg
34519572,Nebraska,Lake Ashleyburgh
96564101,Texas,Raymondborough
84751392,Utah,North Jennifer
79878402,Virginia,Mccarthyton
61323585,Minnesota,Samanthaton
75828540,Indiana,Taylortown
74642836,Georgia,Lindamouth
63584346,Ohio,Hernandeztown
31885347,Oklahoma,Tiffanyland
95419804,Alaska,Seanbury
85735321,South Carolina,South Sara
17703897,New Hampshire,North Christina
24588149,North Carolina,West Julieberg
52340165,Nevada,Woodshire
99990511,Iowa,South Jennifer
32622597,Maryland,North Deborahstad
12668696,Hawaii,Ericton
40378620,Ohio,Collinsville
5245813,Hawaii,Lechester
84979284,North Dakota,South Marcus
59515144,New Hampshire,Shaneburgh
11394805,Rhode Island,West Jeffrey
53366875,Ohio,Lake Sean
6545513,New Hampshire,Davidside
51454630,Delaware,North Keith
15381198,Maine,West Ronald
22246022,Kentucky,Adamfurt
40856855,Colorado,Tarafurt
11550886,New Jersey,Ramosberg
12747943,Virginia,North Brettport
95748503,New Hampshire,New Gerald
2250887,California,West Alyssatown
41079482,Illinois,Port Gregory
37707459,Missouri,Acostamouth
17440631,Wyoming,Garrettport
31209518,Virginia,Ramosstad
88505138,Arizona,New Theresa
55195748,Idaho,Lake Ronaldland
49994606,Oregon,Lake Vanessaburgh
96111997,Wyoming,Torresside
97681389,New Mexico,North Ashleychester
97702636,Connecticut,South Karenport
36431424,North Dakota,Jacksonside
14725081,Oklahoma,New Bridget
77270802,Indiana,North Christinabury
87092951,New York,East Jamesview
60871921,Illinois,Annaburgh
49281746,Missouri,South Katherinefort
43035694,Mississippi,North Rachel
15017668,North Carolina,Pettyport
73883142,Massachusetts,Clarkburgh
43208905,South Dakota,New Williammouth
84791090,Kentucky,Beckville
54499803,Iowa,Port Kyleville
43905531,Hawaii,Port Rachel
55160345,Alaska,Melissatown
71981066,Michigan,Danielberg
85300363,Maine,Lake Maxstad
84922586,Colorado,Chelseytown
59969380,Kentucky,South Amymouth
30455535,South Dakota,Port Tannerside
18963363,Washington,Angelaside
15945457,Connecticut,New Jonathanmouth
94484189,Washington,New Rickmouth
84019389,Delaware,New Michaelbury
44838320,Hawaii,North Kimberly
66697439,Texas,Monicaville
12370606,Maryland,Jonesport
29319831,Massachusetts,Moodyton
31099159,Kentucky,Lake Coryland
17096662,Arkansas,Biancaville
9746030,Rhode Island,South Kimberly
79587501,South Carolina,Juliaville
181000,Massachusetts,East Bryanshire
29381382,North Carolina,North Julia
24335437,Kentucky,Justinshire
90562333,Texas,North Randy
12684060,Iowa,Port Keithtown
62472283,Nebraska,Lake Courtneystad
62976422,Virginia,Shannonborough
92519589,Connecticut,Jennifershire
39468722,West Virginia,Lake Melindamouth
13588413,Oklahoma,South Karen
75128230,North Carolina,Davidbury
66070215,Illinois,Angelamouth
40320527,Vermont,Lake Christina
22030692,Louisiana,Sandersborough
21099659,Maryland,North Cheryl
43147769,Arizona,South Tracy
66032682,Wyoming,Lake Seanville
88883591,Missouri,East Bradtown
79244174,Delaware,Robertland
2181594,California,North Michael
57766787,New Mexico,Nicoleside
366388,Indiana,New Erinfort
98318857,New York,East Mary
50472646,New Mexico,East Jonathanland
66271771,California,Christopherburgh
90303828,Maryland,South Brenda
97497595,New Mexico,Gailtown
73560915,Hawaii,Jonathanville
22501967,Iowa,Smithburgh
33792875,Maine,Anthonyfort
37837166,Oregon,Maloneborough
83941290,Pennsylvania,North Joel
76735379,West Virginia,Jonathanhaven
26534582,Alaska,Gregoryhaven
67361526,New Mexico,Websterhaven
67279305,Pennsylvania,New Lauren
28712392,Nevada,Melissatown
83374106,Wyoming,New Lauren
7210765,Nebraska,Phillipschester
31836954,Arkansas,Chrisbury
75760120,Wyoming,East Jamesborough
89793347,Arizona,Lake Alexanderville
86811484,Iowa,South Davidfurt
50902681,Georgia,Melissastad
40370384,Massachusetts,New Christopher
98973399,Florida,North Bradleyfort
88897834,Illinois,Berryhaven
69332883,Georgia,East Michaelfurt
50621744,Massachusetts,Robertmouth
60883895,Connecticut,North Patrickstad
98694128,Vermont,Lake Seanberg
73200292,Massachusetts,Clarkland
27375488,Delaware,Michaelhaven
41902897,Florida,Burnsborough
34999999,Virginia,Jamiechester
73223285,Arizona,New Sara
89189458,New Mexico,Gonzalesborough
6076347,Missouri,Johnshire
14895020,Connecticut,Michellefort
85468639,Alaska,Port Amber
62580547,Rhode Island,Torreschester
97759091,Illinois,Lake Rhondaside
75531495,Nevada,North Emilyfort
87917049,Minnesota,New Brianbury
67427218,Colorado,Colonchester
55721283,Wisconsin,Heatherhaven
21121979,Minnesota,Janicehaven
75331046,Washington,Pricehaven
24232083,South Carolina,Lake Chloe
83318420,Minnesota,South Erinburgh
78250278,Colorado,West Dylan
88443034,Massachusetts,North Alexandraborough
84675810,North Carolina,Port Linda
56436358,South Dakota,Adkinsstad
61410416,Nebraska,Ramirezton
21542086,North Carolina,North Joannehaven
16180776,Vermont,Ashleeland
9960161,Nevada,East Jessicafurt
5163586,South Carolina,West Jocelyn
62213884,Nevada,Howardton
78108890,Florida,Lake Joseph
25888635,Michigan,North Katieland
20280879,Kansas,South Shawnshire
22932039,Utah,New Pamela
6655597,South Dakota,East Frank
34813973,Mississippi,Lake Stephanie
11891133,California,West Patrickburgh
42670091,Tennessee,Lake Erinhaven
59401433,Nevada,Port Frederick
51321684,Texas,Kathleenberg
83285845,Pennsylvania,Anitamouth
57501658,Minnesota,West Darleneshire
65585223,Maryland,New Christiemouth
47557841,New Mexico,Lake Christina
59958764,Iowa,Port Ashley
35145031,Hawaii,Tiffanyton
74934018,Kansas,Jonesfort
78072416,Georgia,Robertshire
54614544,New Jersey,Melissaborough
60255229,Oklahoma,East Scottmouth
69797341,Mississippi,West Logan
21340149,Nevada,West Charles
58474864,New Mexico,Westview
78776826,Massachusetts,South Toddmouth
83789752,South Carolina,Scottshire
92188657,Illinois,Port Linda
83051891,Nevada,Williamfurt
15839903,Nebraska,Ninastad
4944721,Iowa,West Briana
16999619,Virginia,Leeland
13220243,North Dakota,Nicholashaven
33503721,Mississippi,South Jenniferhaven
34285630,Iowa,Lake William
87262786,Vermont,Melissaside
68883079,Florida,East Arthurfort
14111842,Alaska,Angelborough
65996385,Arizona,Jessicaview
79259261,Wisconsin,Chavezside
96307935,Rhode Island,Port John
1625324,Oklahoma,Michelleland
48983183,Utah,East Douglas
89916980,Ohio,East Alexanderside
92816281,Colorado,Ericaton
54106949,California,South Samuel
92635506,Tennessee,Lake Clarence
67304538,Kansas,Barrettport
55242061,Oregon,Jacobsonmouth
74232741,Illinois,North Susanborough
58127582,California,Connieview
75239351,Wyoming,North Emilyside
66931517,Maine,Michelebury
28946915,Indiana,South Eric
10918331,Tennessee,Joshuabury
82046817,Rhode Island,Brettville
87355746,Kentucky,Gonzalezstad
63889011,New York,West Elizabethside
93617211,Indiana,West Renee
4430437,Oregon,Lake Aaronmouth
28178600,New Jersey,Johnmouth
54948311,Florida,New Robertchester
85747851,Colorado,Lake Pamelamouth
35855419,Texas,South Carlaburgh
16691762,Alaska,Emilyberg
27860289,Kentucky,Martinmouth
44674306,Georgia,Ericfort
51810542,Connecticut,North Eileenview
86831192,New Hampshire,Gravesview
35358164,Wisconsin,West Reginaldbury
70439018,California,Shannonfurt
67353809,Utah,Port Ryanbury
54723021,Texas,North Joybury
82731635,Delaware,Hoganbury
37012420,Connecticut,South Edwinmouth
60518612,Kansas,Jimenezland
60859321,Pennsylvania,Port Monica
94307047,Rhode Island,East Markmouth
30123354,Illinois,Taylorport
20091549,Arizona,East Karen
37943623,Oregon,Lewischester
32094541,Nevada,Juliaside
48386373,North Dakota,Terrelltown
12868355,Kansas,North Patrickmouth
44613590,Ohio,South Davidport
87827011,Maryland,Toddchester
36608736,New Jersey,North Chelseyland
83383233,Arizona,Fischerside
76122557,Massachusetts,Hernandezshire
92792304,New Mexico,Port Bradley
40432278,Mississippi,Lake Mariaview
4950888,Kansas,Port Heidibury
98557594,Kentucky,Lake Robertbury
54077469,Utah,Caseyland
91636425,New Jersey,North Wesleyville
32188121,Kansas,Jessicaburgh
29805216,South Carolina,Brownberg
30900782,Virginia,Tammyfort
66597127,Wyoming,South Michaelside
50623855,Minnesota,Lake Tammyport
47774344,Georgia,Davisview
73569428,Hawaii,New Shawn
96975230,Massachusetts,North Jasonborough
25469032,Michigan,South John
14836848,Montana,North Charlesville
64136522,Florida,Stoneton
88661314,Hawaii,Andersonfurt
57097568,South Carolina,Haleyhaven
79752921,North Carolina,Martinezshire
82874359,Hawaii,South Sara
59228796,Louisiana,New Annette
62653112,Missouri,Harristown
31168433,Maryland,Rileyfurt
15556634,Idaho,South Raymondview
18408678,New Hampshire,Jeffersonbury
77280718,Hawaii,Port Patrick
10687179,North Dakota,Dicksonmouth
38490129,Vermont,Jerrybury
25857511,Utah,North Sabrina
73412601,Michigan,Silvafort
70940901,Hawaii,North Daniel
14538753,Nevada,South Mark
75162293,Ohio,Lauraberg
4244212,Kansas,Christieburgh
315221,Tennessee,Andersonstad
1539040,New Mexico,Kimberlyville
24697354,North Dakota,New Antonioberg
64369928,Iowa,New Alan
81046887,Washington,Lake Kristi
91482477,Massachusetts,Michaelmouth
95677121,Utah,Christyport
93748262,Utah,Port Tina
26391368,Wyoming,Andrewfurt
23708864,Vermont,Housemouth
40818817,Oklahoma,East Kevin
34719730,Massachusetts,Markberg
97498342,Connecticut,Port Vickietown
92141493,Pennsylvania,Blairmouth
70938546,New Mexico,Anthonymouth
75244052,Texas,Callahanport
44316792,New Hampshire,Veronicaton
27096590,Nevada,West Juanview
72423288,Massachusetts,Lawrencefort
30250983,Utah,North Amandaview
5494827,Alabama,Marvinshire
57173078,Montana,Aguilarborough
25879779,Pennsylvania,Perrystad
70811259,West Virginia,Davisville
7334553,Hawaii,New Juan
28325779,Wisconsin,Michelleville
13131396,Pennsylvania,Lake Joseph
19521480,Arizona,Port Johnfurt
56737249,Kentucky,Larrybury
30196624,Washington,Port Wesley
48964864,Rhode Island,East Crystal
4867217,Michigan,Michellechester
7685148,Ohio,Port Maria
27503150,Texas,North Justin
46928427,Tennessee,Lake Josephport
18925445,Nevada,Wigginston
52642827,Delaware,Bishopville
21992695,Iowa,East Stephanie
72096210,Delaware,Websterton
12473760,New York,South Nicholas
77911504,Maine,New Brooketon
44373951,Alabama,Lake Thomas
71352493,Alaska,West Lauraview
85524912,Alabama,Davisshire
55119530,South Dakota,Geraldhaven
81146144,West Virginia,Lake Nicole
36195811,Idaho,Lake Marystad
43299372,Rhode Island,Cooperland
5639864,Colorado,North David
54218079,Alaska,Scottshire
20130712,Montana,Lake Johnside
45756750,Mississippi,Porterborough
14494774,Oklahoma,Port Blake
17162683,Montana,Barbaraview
16331441,Utah,North Kristieland
21706681,Rhode Island,Port Jenniferborough
94658463,California,Martinezstad
61691906,Nebraska,Sandraport
71724998,South Dakota,North Sabrina
21577083,Illinois,Jordanbury
56008958,Oklahoma,Port Tammy
48557281,Utah,Port Angelastad
68945305,Connecticut,Jennifermouth
37878871,Illinois,Amandabury
45495600,Oregon,Port Michellemouth
83762795,Alaska,New Brandy
26490700,New York,Lake Thomas
41646512,Ohio,Gonzalesburgh
7503296,Vermont,Port Kaylee
89346670,Michigan,South Jamie
9272607,Michigan,New Kayla
34691439,Ohio,Lake Ruthport
37441789,Arkansas,Smithhaven
25859840,Massachusetts,Hardinmouth
22733970,Texas,North Lisaside
64300370,Kentucky,South Michelle
59275950,Mississippi,Millershire
24783535,Arizona,North Jasonfurt
44891890,Vermont,North Donaldland
61009028,Kansas,Joefort
28931520,Louisiana,Eduardotown
59296133,New Hampshire,Lake Amanda
43709795,South Dakota,Port Johnnyland
98433513,Minnesota,Robertburgh
32405180,Georgia,Beanside
49933213,Ohio,Port Lawrence
13621919,Delaware,Port Brandonburgh
58210496,Massachusetts,Lake Regina
40675082,North Dakota,Lake Randy
9211008,Florida,East Johnland
2984298,Michigan,North Christopherville
23107891,Mississippi,Rossfurt
6283662,South Carolina,Hillton
37472693,Vermont,Vincentside
88154342,New Hampshire,New Tina
55031402,Pennsylvania,Baileyborough
72712755,Ohio,Port Isabelmouth
23631912,South Carolina,Lake Vanessamouth
95208755,Louisiana,West Jason
60765095,Wyoming,Port Anthony
74532610,Massachusetts,North Jennifer
44369628,Washington,Guerreroshire
30331276,New Mexico,New Cynthiaview
2023332,California,East Brittanytown
62723972,Kansas,Kevinland
33543216,North Dakota,Port Zacharyhaven
96738960,Wisconsin,Baileymouth
13794589,Kentucky,Parkstown
47311624,Ohio,New Daniel
81537795,Florida,Emilyton
97907919,Alabama,Lake William
24654602,Massachusetts,Ericksonbury
75076411,Georgia,Carrollport
950111,Florida,Brianstad
412629,Tennessee,Brownport
30173226,Washington,North Christophertown
34290302,Mississippi,Kathyberg
90877628,Nevada,South Mark
74174214,Nevada,West Robert
9355271,Massachusetts,New Barbara
98559844,Tennessee,Lake Christine
5113810,Kentucky,Garzabury
36134098,Montana,East Wendychester
33764073,New York,Port Georgefort
63687832,Alaska,Christyside
91994953,Delaware,Port Jeremy
87449348,Washington,Smithville
15552990,Connecticut,West Sarahside
79195525,Rhode Island,Jamesburgh
32540697,Oregon,Jessetown
37044827,North Carolina,Schneiderchester
70429705,North Dakota,East Dustin
29660106,Georgia,North Kathleen
84001772,Vermont,Rivasstad
99088908,Ohio,Aliciachester
12380351,Iowa,Michelleville
81775486,Texas,Duranberg
20275635,Texas,Mccalltown
15636622,South Dakota,Newmanfort
11518242,New York,Williamsfort
83260042,Louisiana,Kristentown
69777316,California,North Haydenbury
9807235,Michigan,Lake Anthonyville
91290496,Minnesota,New Michelle
63064135,Hawaii,Briannamouth
14969020,Illinois,Triciaview
41236765,North Carolina,New Christinafort
45481426,Oklahoma,Lake Rebecca
56269848,Kansas,Michaelfort
19302316,Kansas,Lake James
87459610,Texas,New Stephen
74348800,Nebraska,North Nicholas
33220634,Oregon,Port Eduardo
55539664,Minnesota,Gonzalesfurt
12041417,Mississippi,Smithland
80718008,Arkansas,West Diane
12930370,Texas,Fosterfurt
90812847,Virginia,South Ronaldborough
550707,Massachusetts,Lake Amyport
84415367,Arizona,North Jimtown
14948909,New Mexico,New Steve
86633034,New Mexico,Danaland
31029083,Nevada,West Nicholasmouth
31954208,New Jersey,Allenhaven
46717797,Hawaii,Ivantown
22176686,Connecticut,Nicolebury
74851547,Washington,Elizabethville
60171582,Oklahoma,Huertaburgh
25660330,North Carolina,Port Thomas
31716393,North Dakota,Berryborough
29445796,Georgia,Barronmouth
52851386,Florida,Port Christina
76936277,Montana,Port Beth
26377961,South Dakota,New Joan
38504956,North Carolina,Williamshire
35648092,Minnesota,Melissaview
522888,Maine,Port Erik
89945036,South Carolina,West Jeremy
62704065,Indiana,Lake Donnamouth
12977719,Maryland,Roberttown
88113010,Georgia,New Morganbury
53009874,West Virginia,Warrenmouth
86092326,Oklahoma,West Stevenshire
46823058,West Virginia,Kellyside
33171010,New Jersey,Warefurt
98433504,Idaho,Michellebury
59169662,Mississippi,Johnfort
59884069,Ohio,Williamhaven
81070357,Ohio,West Rebecca
2695602,Minnesota,Lake Shawnmouth
15150952,South Carolina,North Teresa
25575734,New Hampshire,East Jesus
49277207,Mississippi,Dixonchester
24058028,Wisconsin,West Amyburgh
53255770,Delaware,North Amy
1115434,Alabama,South Josephview
49089890,Iowa,West Davidborough
96176247,Delaware,New Sandratown
75199712,Arizona,Stokesbury
69572889,Kentucky,Lake Marytown
97097582,Michigan,South Dwaynemouth
97086905,Maryland,South Kimberly
84844788,North Carolina,North Nicolas
59982237,Oregon,New Vickiechester
41601689,Iowa,Douglashaven
59757024,Pennsylvania,South Shelleychester
29378827,Wyoming,Johnsonview
31169605,Arkansas,East Jessica
26714926,Alaska,Westshire
39809468,Alabama,Port Jessicachester
72298476,Missouri,Martinezfort
89458317,Oregon,Jamesburgh
93493201,Connecticut,Mosleybury
63429383,Wisconsin,South Dylanshire
76269799,Wisconsin,Herreraville
12668955,South Carolina,North Jeffreybury
28224577,California,Silvashire
13089067,North Dakota,West Mary
87892045,Kansas,Lanceberg
2570545,Minnesota,Vanessamouth
86966681,New Mexico,New Beth
665094,Hawaii,Wrightville
9764323,Massachusetts,Port Jessica
50534221,Louisiana,Brookefurt
94180895,South Carolina,South Virginia
53105816,Oregon,Wrightside
56609081,Georgia,Port Michaelside
16239920,Mississippi,West Robertberg
67109112,Rhode Island,Calebport
82562673,Mississippi,Port Madison
6162319,Missouri,Stephenschester
48244872,Kansas,Lake Raymondburgh
18362235,Florida,East Zacharyside
14833093,Washington,Lake Aprilville
46821410,Rhode Island,Burgessville
78293768,Montana,Wileyfurt
50390775,Indiana,West Judyborough
73534493,New Jersey,Port Cassandrastad
1756816,Arkansas,South Marissa
36657125,Nebraska,East Maryside
61551580,Oregon,Thomasville
83879797,Idaho,New Peter
13325670,Montana,Rayport
73057898,Arkansas,Kellerland
61356938,Washington,Kayleefurt
17112800,Ohio,Christopherhaven
66925295,Idaho,New Williamland
26146693,Connecticut,Anthonyburgh
77355268,North Dakota,Gilbertland
37098355,Arizona,Port Bradleymouth
35763546,Oregon,West Garymouth
349239,New Jersey,Port David
76823975,Indiana,Millerside
8610916,Alaska,East Amandaburgh
24148159,Hawaii,Millerbury
73769582,South Dakota,Port Ashley
383015,Delaware,Hillchester
30168195,California,East Kristi
55137964,Colorado,Hannahborough
19980600,North Dakota,Kimberlyberg
51071505,South Dakota,Moraleshaven
48603684,Texas,Lake Tracey
53088177,Ohio,Ryanside
32811886,Idaho,West Kathleen
62470402,Wyoming,Kathrynfurt
16184140,Florida,West Dennis
32875398,Delaware,South Rebekahborough
12771557,Georgia,Joannaton
72858983,Illinois,Denisetown
66486663,South Dakota,Gravesfurt
84953623,Virginia,Adamsfort
72384220,Tennessee,Bobbybury
32323211,Tennessee,South Larry
41932298,Illinois,South Tracimouth
76190208,Montana,West David
65472507,Indiana,Stevenborough
48974266,New York,West Carriemouth
62200680,Utah,Port Angela
91886308,Hawaii,New Jeff
98626862,North Carolina,East Christine
44987276,Alaska,Smithmouth
60523013,Arizona,New Sarahstad
42790793,Washington,Port Laura
96811137,Illinois,Ginatown
92625494,Nevada,Owensport
80717539,Vermont,West Danielfurt
48026654,South Carolina,Vargasville
84141938,Vermont,Williamhaven
13470729,Illinois,East Veronica
73561431,Pennsylvania,Curtisshire
27170742,Texas,East Steven
47269166,Virginia,Novaktown
75587847,Mississippi,Jacobsbury
86793688,Louisiana,New Erik
13171308,Nebraska,East Cynthiamouth
13087247,Tennessee,South Brooke
42901931,Indiana,Robinsonton
51413882,South Dakota,South Ashley
69358708,Tennessee,North Bradley
99078229,Delaware,New Ryan
66509031,Maine,Normanside
1428781,Georgia,North Heather
15397633,Connecticut,East Alison
45407929,Arizona,New Craigberg
9961386,South Carolina,Josephborough
75541324,Hawaii,Kylieton
49740682,Mississippi,East Paulland
61555385,North Carolina,Ericport
60683717,New Mexico,Lake Kimberlychester
65304442,Tennessee,Sarahberg
90286670,Kentucky,Andrewborough
6285378,North Dakota,Stevetown
40122331,Vermont,Russellchester
32920412,Hawaii,Jenniferberg
97771070,Nevada,Waltersstad
56835050,Pennsylvania,Robertberg
19161978,Florida,West Samantha
95117907,Alaska,East Andrew
22662332,Arkansas,Port Christopher
62127491,Delaware,North Tylerland
75776950,Indiana,West Lisaland
53905869,Pennsylvania,Jeremiahmouth
53668022,Idaho,Derekchester
84445855,Virginia,Port Bobby
42610231,Wyoming,Moralesview
2105333,North Dakota,West Williambury
32925664,Wisconsin,Nicoleland
80836313,Tennessee,Matthewchester
79630686,Iowa,Warrenborough
11128096,Idaho,Brittanyshire
11564045,North Carolina,South Katiestad
68953854,Georgia,West Christopher
80787806,Alabama,Kathleenstad
55592,Vermont,East Debrashire
89871973,Alaska,Amyfort
63962149,Wyoming,Laneshire
34264201,Hawaii,Crawfordberg
2952159,Indiana,Johntown
55891135,Louisiana,Port Sabrinaborough
49909423,North Dakota,Griffinburgh
55863832,Tennessee,West Thomasmouth
8214307,Pennsylvania,Durhamshire
36288088,Iowa,South Charlesbury
58428137,Delaware,Lake Stephanieburgh
21140797,Michigan,Phillipsfurt
8387879,New Jersey,Lake Michele
56876522,Indiana,New Cole
64764272,North Dakota,North Corey
39920207,North Carolina,East Kari
84705521,Ohio,Scottberg
69513517,Hawaii,Williamsonstad
78295652,North Dakota,West Marktown
19990097,Wisconsin,Lake Sharonbury
69421390,Texas,New Matthew
48326143,Maine,South Nancy
93461491,Arkansas,Meganton
44366297,Indiana,East Thomas
41485424,Ohio,West Ianfurt
90897796,West Virginia,Armstrongfurt
93472831,Massachusetts,Wagnershire
24900691,Michigan,East Antonioberg
23253123,New Mexico,East Tammy
97949385,Iowa,Belindachester
79760466,Connecticut,Trevorshire
50011536,Iowa,New Emily
10280355,Tennessee,Lake Nicolefurt
68172846,Arkansas,Lake Samantha
43922702,Connecticut,Lake Benjamin
4841999,Arizona,Lake Shawn
68746558,Virginia,West Jessicaville
1252995,Utah,Erikstad
67584184,California,Saraborough
83567385,New Mexico,Lake Sean
65322100,Iowa,Wolfbury
84936055,New York,Keithborough
99203272,Michigan,Brendahaven
40598584,Illinois,South Alexburgh
84837549,Utah,South Nathaniel
33582926,New Mexico,Lake Sarahport
24147612,Michigan,North Maria
7127151,Mississippi,East Matthew
61155249,North Dakota,Wilkinsburgh
92938588,Texas,Port Sarahfurt
92966105,Connecticut,Medinamouth
29724565,South Dakota,Houstonmouth
97406468,Texas,Allenburgh
15134809,Virginia,East Catherine
87005592,Nevada,New Amanda
85621614,Louisiana,Tinaburgh
39850657,Georgia,Porterhaven
10968573,California,North Thomas
27671104,Alabama,New Pamela
47379450,Colorado,West Sheliaberg
21356162,New Mexico,East Jacobland
32977647,Alaska,West Eddiemouth
26577046,New York,Port Deborahchester
55875068,Minnesota,Port Alexandria
9380167,Delaware,Dawnbury
25465581,Texas,Lake Brandy
57009481,Alabama,Watsonborough
76284991,Oklahoma,East Johnview
82325775,Massachusetts,Hallville
52673689,Colorado,Williambury
35865670,Pennsylvania,Carterland
72813621,Florida,West Mark
45649023,New Jersey,Colemanmouth
29801834,Utah,West Josefurt
73141830,Vermont,West Nataliestad
75995588,Ohio,Cortezmouth
56608849,California,Johnland
68565088,Tennessee,Gonzalesmouth
68449834,West Virginia,Morganview
90667640,Pennsylvania,South Karinamouth
48804479,Arizona,Jonathanburgh
70559244,Nebraska,Allisonbury
32389728,Kansas,East Scottburgh
70438407,Wisconsin,Greerfort
61436638,Pennsylvania,Angelshire
86298686,Vermont,Jamesside
42462481,South Dakota,East Kelseyburgh
86361484,Florida,Richardbury
68370168,Massachusetts,Port Joshua
84365625,Mississippi,Christopherfort
16806788,Kentucky,East Bridget
18848549,Massachusetts,Jeremyton
76988488,New Jersey,Lake Mirandaton
53445521,Pennsylvania,South Alexiston
25995454,North Dakota,Thompsonshire
72670139,Wisconsin,Lake Williamport
34547865,Pennsylvania,Lake Elizabeth
16271787,Vermont,Lake Petermouth
59915190,Colorado,East Ninaburgh
21700652,Florida,Christianville
70295721,Connecticut,West Andrealand
94399114,Hawaii,Ruizberg
47074572,Arkansas,Sandraport
72971757,Florida,Port Emilystad
5233864,Nebraska,Anthonymouth
2993420,Wyoming,Brianchester
87300293,Vermont,New Shannon
26683487,Idaho,Michaelville
62252123,New Jersey,Gravesberg
30404138,Montana,Port Robertchester
31101819,Washington,Lake Matthewfurt
2758517,Massachusetts,New Sierraburgh
68660402,Illinois,Rebeccaburgh
99670639,Iowa,Philipside
38846007,Georgia,South Brittany
69188388,Colorado,South Jenny
40635255,Hawaii,Patriciaburgh
18277254,New Mexico,Ryanview
28906223,Connecticut,Port Jessica
62365123,New Jersey,Herringhaven
17062992,Oregon,West Lisa
12442667,Connecticut,Pamelafurt
85024239,Wisconsin,North Brendaberg
62977039,Virginia,West Gregoryburgh
71712283,Massachusetts,New Gregory
48428727,Colorado,South Jamesborough
81690935,New Mexico,Ashleyborough
18970967,Nevada,Port William
51620703,Oklahoma,Matthewside
15924011,Connecticut,Tylerton
94464582,Kansas,Port Michellefort
38664936,Massachusetts,West Stephen
46204391,Maine,East Crystalchester
56188424,Delaware,Jamesstad
36011954,New Mexico,Taraside
35994744,Nevada,Williston
33610731,Missouri,Joyceside
15360740,South Dakota,Navarroview
18383698,Mississippi,Lake Melissaton
86607769,New Jersey,Reedberg
19668794,Virginia,North Eric
29242007,New Hampshire,Port Gabriella
72801537,California,Hurstside
70330320,Hawaii,South Steven
84885115,Delaware,South Gene
17384725,Wyoming,East Zachary
17092953,Wyoming,Danielberg
75946161,Virginia,Simpsonchester
46238244,Texas,Gailtown
20100164,Utah,Johnville
24691609,Indiana,Gutierrezmouth
86541643,New Mexico,Lake Codybury
70571654,Wyoming,Allisonchester
76755337,Mississippi,West Kennethchester
31615383,Utah,Annaberg
40169147,Minnesota,Port Jessicaside
27361886,Arkansas,Edwardburgh
4827919,Virginia,North Michaelview
72225178,North Carolina,Sanderston
463432,Arkansas,North Jasonmouth
26246767,Nevada,Castroborough
41570072,Delaware,Veronicabury
4087619,Mississippi,West Seanland
60431663,Rhode Island,Port Gregoryshire
17049413,Colorado,Matthewton
70822096,Kansas,New Wendyport
88710399,Rhode Island,East Faith
74098604,Tennessee,Lake Stevenfort
30839123,Washington,North Amyfort
39980861,Nebraska,Christopherburgh
62603827,Oklahoma,West Tammymouth
26542020,Nebraska,Caseytown
30392750,Tennessee,Reedville
81646390,South Dakota,Ibarraview
94291586,Indiana,Lake Sarah
11033753,Maine,East Nicole
23038545,Tennessee,Saraside
76815022,Montana,Michaelshire
3968852,Georgia,Wilsonland
33122297,Maine,Carlsonbury
8439698,West Virginia,South Rebekah
72967175,Florida,Daltonmouth
33047113,Illinois,East Connie
23553634,New Hampshire,Justinmouth
91312639,Florida,South Travisberg
81083247,Tennessee,Lake Kimberlybury
86624192,Virginia,Lake Meghanmouth
83693428,Utah,Tamaraview
31660164,Pennsylvania,Browningville
40492531,South Dakota,East Robertfort
93538522,Indiana,Port Brian
78169433,New York,Tinashire
12295972,Maryland,Heatherborough
22644302,Oregon,New Jennifer
91867681,Delaware,Smithside
84040024,Illinois,East Elizabeth
96202073,Massachusetts,Parsonsland
71910152,Vermont,New Anna
31557703,Missouri,Thomashaven
85990110,Vermont,Kaitlinfort
17553658,North Dakota,Coffeyberg
4882092,Ohio,Lisaburgh
89346124,Missouri,Kristenburgh
39883188,Iowa,Port Josephberg
6403384,Alaska,West Elizabethfort
16475178,Missouri,West Mariahberg
90656535,Montana,South Sharon
46009269,Iowa,Brownmouth
47591685,New York,Paulbury
11588057,Georgia,Freemanberg
15199113,Virginia,Wagnerhaven
30226943,Maine,West Ericamouth
84864753,Nevada,Guerreroside
9913115,North Dakota,Richardsonville
36375079,Montana,East Normaborough
59938896,Minnesota,Jodishire
6781333,Arizona,Johnland
90862870,California,North Emily
17809166,Michigan,Kimton
88258422,Indiana,Port Mike
26344824,Maine,New Amyville
16154441,Oklahoma,Michelleville
45172962,Louisiana,West Danielburgh
81849038,Idaho,North Bryan
21366852,Missouri,Carterchester
37537927,Nevada,Howardberg
63459251,Montana,North James
3954554,North Carolina,Sandrachester
93211102,Georgia,Matthewbury
47443062,New Hampshire,West Shannonfurt
23421934,Maryland,Hernandezbury
37767281,Illinois,North Randyfurt
6262830,Maryland,East Robertview
37345501,Wyoming,South Thomas
48664543,Louisiana,North Willie
64795851,Alaska,Lake Courtney
15599210,Massachusetts,Brooksmouth
51937725,South Dakota,Brownport
42909729,Colorado,Port Michael
45868731,Kansas,South Bradleyland
63489208,Alaska,West Jenniferborough
33755136,Oregon,West Linda
68269793,Maryland,West Rachelmouth
742339,Idaho,Frazierstad
62227788,Maryland,Elizabethburgh
29971977,Rhode Island,Port Richard
67273140,Ohio,West Mercedesview
43833473,Illinois,New Bradleyview
6767820,Iowa,South Nicholasport
55476466,New Mexico,Laurieville
23335204,New Jersey,West Scottland
70880410,Ohio,North Joelborough
23483467,Missouri,Cherylmouth
39576405,Maryland,North Jessicamouth
47597923,Virginia,Proctorburgh
85078602,Kansas,Hawkinsfurt
29810693,Texas,Ramosshire
26639236,Ohio,Davidbury
24415170,Wisconsin,South Michael
83853569,West Virginia,West Deborah
87172513,Arizona,Shannonhaven
5581104,New Mexico,East Robin
51023026,Arkansas,South Amyfort
75079359,New Mexico,Christinefort
22959016,California,Ritamouth
29253489,California,Patriciafort
24690083,Rhode Island,Markfurt
90590276,Wyoming,New Ashley
40401498,Iowa,Jonesstad
63120984,New York,Lake Jennaton
28287084,Texas,Port Thomasbury
61792545,Wisconsin,Lake Adam
99080953,New York,Wyattfurt
61439699,Maryland,Lake Christopher
28070289,Pennsylvania,Barbaraland
51743178,Minnesota,Lake Holly
59416317,Oregon,North Hannahside
59597061,Oklahoma,Lake Rachelstad
12512161,Maryland,Port Williamberg
49123298,Wyoming,Martinezport
69954865,Indiana,Nathanport
39118258,New Mexico,West Wayneview
97137663,South Dakota,Sullivanmouth
71636458,Arkansas,Holmesfort
414746,Illinois,New Joycehaven
60072177,Wisconsin,Edwardfort
92757236,Utah,New Richardville
28882689,Nevada,South Tylerbury
84204918,South Dakota,New Kellymouth
30353767,Tennessee,West Johnview
88797233,Louisiana,Cookfort
67691049,South Dakota,South Kathleentown
84897111,Mississippi,Jonathanbury
72585740,Illinois,New Samuelfort
97372051,Colorado,Lauraland
83254518,Mississippi,Kaylafurt
960998,Alabama,Timothyland
64097529,Michigan,North Ann
71471978,New York,East Robertstad
41838938,Nevada,West Larryberg
19809954,Kansas,East Bobby
49355315,Kansas,Rodriguezborough
4981343,North Dakota,Anthonyville
36764924,Kansas,Lake Kathyhaven
38746061,Mississippi,North Chase
66133126,Arizona,Justinmouth
71187215,Florida,New Crystal
21975080,New York,North Thomasview
51032579,Tennessee,Olsenfort
84807232,Minnesota,West Jennifer
7211145,South Carolina,Zunigashire
21582135,New York,Calvinland
30790081,Massachusetts,Robinmouth
11110032,New Jersey,North Ryan
80702300,Delaware,New John
71227730,Arkansas,West Hannah
5675534,Indiana,West Amanda
24859149,Missouri,New Victoriatown
27777783,South Carolina,South Wesleyside
38952993,Oklahoma,New Mitchellview
43362703,Colorado,South Ashleybury
9853062,Mississippi,New Ronnieton
44634669,Tennessee,Victoriahaven
78037737,Massachusetts,Daychester
48435446,South Dakota,Sarafurt
79612083,Iowa,Mckenzieburgh
48596049,Arizona,Wilsonton
9021281,Utah,North Tracyberg
94074413,Massachusetts,West Gregory
35403128,Mississippi,Hodgeston
4992061,Hawaii,North Lisa
59023417,Idaho,Benjaminstad
98679389,New Mexico,East Evan
20874194,Louisiana,West Brianfort
98125474,Arkansas,North Charlesland
89503368,Connecticut,Baileyport
33349680,Wisconsin,West Melaniemouth
84693598,Pennsylvania,Stevenbury
44426734,Kentucky,Port Aaron
36377930,Oregon,North Rodneymouth
10660585,Washington,New Jon
11958839,Rhode Island,Buckhaven
86207382,Mississippi,Cartertown
68176447,California,Garzamouth
76989985,Georgia,East Stephenborough
81767460,Nevada,Kentland
47405658,Nebraska,Lake Adrienneport
49309870,Missouri,South Christopher
23242944,Michigan,Chavezshire
1782475,Kentucky,Lake Russell
96058796,Wyoming,Bakershire
7582963,Maryland,Port Kimberlyfurt
73674813,Missouri,Lake Brandon
98637411,Arizona,Bakertown
76123369,Vermont,Torreshaven
40373846,Iowa,Avilamouth
74503790,Ohio,Delgadofort
67521980,North Dakota,Edwardsport
49639375,Iowa,West Karla
44899083,Nevada,New John
63389245,Connecticut,Alexanderfurt
11996425,New Mexico,East Charlesville
69558058,North Dakota,North Cathymouth
70154410,Utah,Jasonton
12572753,Missouri,Copelandmouth
45330767,Massachusetts,Williamburgh
523981,Arkansas,Rodriguezshire
54037021,Michigan,Johnmouth
70301228,Wisconsin,East Jacobview
19523677,Louisiana,West Rachel
99892236,Oregon,West Melissachester
44151601,Georgia,West Ricardomouth
36263591,Kentucky,Robertchester
12747040,New Hampshire,Lopezport
15179152,Connecticut,South Bobbychester
45591302,Idaho,South Ruth
69992993,Iowa,Caseystad
88882127,Georgia,Lake Robertside
15896271,New Hampshire,East Amy
16010209,Iowa,New Mia
29846128,Wyoming,Maryton
88644809,Colorado,North Carolyn
45079010,Connecticut,Kristafort
50888043,Tennessee,Matthewmouth
73241841,Mississippi,East Melissa
71499648,South Dakota,Dunnton
20329262,Montana,East Melanietown
26273843,Louisiana,South Theodoremouth
8422490,Wisconsin,West Isabella
92677685,Washington,Reillyfort
28796398,Wyoming,New Jennifer
43539759,Kansas,Taylorfort
66869077,Oklahoma,South Ericmouth
69717769,Alabama,Hancockburgh
85083892,Georgia,Port Susan
53616974,Maryland,Jacksonstad
48887628,West Virginia,Dustinmouth
24160152,Rhode Island,East Jodiside
8909590,Vermont,Kennedyberg
66651475,West Virginia,South Gregoryport
20797800,Virginia,East Debraborough
71728658,Nevada,Port Marcusburgh
44086524,Texas,Gonzalezburgh
23453735,North Dakota,South Edwardland
75375327,Alabama,Lake Brittany
11624030,South Dakota,Hernandeztown
3911460,Alabama,Wernershire
50200731,Delaware,Belltown
2884746,Texas,Jenniferbury
33272225,Indiana,Christopherside
94675043,Nebraska,Tranport
63290034,Illinois,Laurenburgh
1984070,Utah,South Daniel
26633468,Arizona,Lake Albert
61313969,Michigan,Reyeshaven
32871854,Wisconsin,Kleinshire
58573233,Minnesota,Jesusmouth
23020556,South Carolina,Jacobsfort
71961500,Massachusetts,Jacquelinefurt
94693730,Georgia,Rebeccamouth
78494000,Indiana,West Richardville
80813998,Washington,North Rachel
39069421,Idaho,Lake Gerald
72801928,Texas,Lake Bobby
82489621,Texas,West Heatherchester
23544166,Wyoming,Lake Michaelatown
84623920,Iowa,Diazport
94914054,Wyoming,North Jonathanville
79494170,New Hampshire,Lake Rosschester
70819144,Michigan,North Stephanie
69987756,Indiana,Markshire
96995172,Massachusetts,Brandyton
93637282,Arkansas,Lake Mariofurt
83390102,Georgia,West Jose
52953559,Rhode Island,New Robert
90207901,Minnesota,Port Edwin
98036267,Hawaii,South Brendabury
80591270,Montana,Scottton
20984518,Washington,Melissatown
36726197,Montana,New Lindsay
85733506,Indiana,Lynchtown
59935465,California,North Andrew
57452116,California,West Vickieton
6977236,Maine,Mitchellmouth
90469074,Florida,Thomasmouth
89378307,Kentucky,Victoriaburgh
75663185,Wyoming,West Jeremiahland
39852870,Connecticut,New Kevinville
29544070,Arizona,North Alexport
63850576,Florida,Kathleenhaven
74084332,Oregon,Johnmouth
1876276,Louisiana,Sweeneyberg
43800618,Tennessee,Mitchelltown
67057991,Rhode Island,East Joannestad
65710060,Louisiana,Audreychester
60313828,West Virginia,South Theodore
16251368,Montana,Lake Brentbury
1785164,Minnesota,Shieldsstad
39516133,New Jersey,Port Katherine
63308059,Utah,Bowmanstad
55067703,West Virginia,New Victoria
70420222,Arizona,North Heather
33309892,South Carolina,North Sandrastad
65840443,North Carolina,Port Amy
29712103,Georgia,Dennisland
67311224,South Carolina,North Christopherchester
38283884,Mississippi,Port Erinfort
68458145,Maine,Martinburgh
35739682,Hawaii,Mitchellstad
2618216,Rhode Island,Mcgeeshire
45789327,Arizona,West Kevinville
93376179,New York,North Anthonymouth
12728892,Kentucky,West Alicia
42953738,Colorado,Jamesmouth
76294667,Texas,Boonebury
47493849,Michigan,Andrewland
40412627,Wisconsin,Peterbury
413318,California,New Christine
60020412,Illinois,Richardmouth
90690087,Montana,Kingshire
33196447,Washington,Heatherfurt
24184289,North Dakota,Aaronton
71359095,Iowa,Amyview
82841266,Idaho,South Melissa
24878727,North Dakota,Travisfort
70059366,New Hampshire,Bushport
36997639,Florida,North Linda
53518489,New Hampshire,Moorestad
57241371,Rhode Island,Port Jeffery
23158001,Nebraska,Juliaville
98638173,New Hampshire,West Andre
63085999,Iowa,Chelseabury
33641584,Virginia,Danielmouth
39123084,Nebraska,North Michaelmouth
39107319,Louisiana,Sharonstad
44669343,Kansas,Greenehaven
22556418,Connecticut,Scottshire
6932742,Wisconsin,Bartlettville
28285991,Mississippi,South Ernest
70896836,Washington,Rachaelville
78954484,New Jersey,West Leonard
45314515,West Virginia,Griffinport
21667967,Idaho,North Barbara
45734259,Maine,Lake Nicholasburgh
22181069,Connecticut,Rhodesburgh
92307775,New Mexico,Port Sara
37979126,Maryland,West Shannonland
23368378,California,West Brandy
89637713,Arizona,Lake Michael
20776452,Wisconsin,Joyton
14891936,Wyoming,East Andreaport
428120,Maine,New Kellibury
91312398,Alabama,Lake Crystalville
7196867,Alabama,East Brettburgh
37610099,Colorado,Jamesside
3219889,North Carolina,Scotthaven
53961117,Maryland,Chambershaven
48138268,West Virginia,Crawfordport
40684712,Alaska,Davisberg
59295559,South Carolina,East Eduardo
77518171,Michigan,Ruizside
13232724,North Carolina,Lake Victoria
32570347,Florida,South Deborahland
632216,Virginia,North Sarah
60673031,Nebraska,Faithfort
90890421,Minnesota,Lake Kathy
92028263,North Carolina,Port Christine
51538700,Nevada,Richardhaven
67466304,Texas,South Ginashire
15474279,Vermont,North Matthewside
21684575,New Hampshire,West Jonathanfurt
68126097,Michigan,Contreraston
25240640,Louisiana,Lake Jacquelineport
43128766,Nebraska,North Terrifurt
58800786,Hawaii,West Alexa
6960405,Michigan,West Charles
83489710,Rhode Island,Lake Richard
77887521,Wyoming,Wardmouth
37124839,Oklahoma,Halehaven
73359425,Connecticut,Johnfort
55217039,Delaware,North Tracy
11959114,Maryland,Port Peterland
36156203,Massachusetts,West Michaelside
69702827,Alaska,South Derekfurt
30341218,Texas,Lake Jesus
98026218,Minnesota,Jameston
11370159,Georgia,East Jason
62003899,Michigan,Lake Shannon
8578307,North Dakota,Danielview
96358163,Iowa,Lake Cindystad
97785205,Maine,Mistyberg
86155635,Ohio,New Kyle
16489141,Idaho,East Richard
45612318,Arkansas,North Bethfurt
62132715,Indiana,Lake Randy
6849285,Oregon,Port Chad
6456639,New Hampshire,Dudleyberg
5043458,Iowa,North Jillton
14816445,Arkansas,Lake Sharonmouth
69431657,Kansas,Stewartburgh
34058335,Massachusetts,Port Vanessa
22415687,Colorado,East Angelicaville
51391498,Utah,North Crystal
3334784,Oregon,Kevinbury
10163118,Wisconsin,Lake Jamieview
58237752,Missouri,Lake Cindyview
14682415,Alaska,Richardfurt
75245287,Colorado,Christinamouth
70046707,Nebraska,Taylorton
30639741,Idaho,Jimenezborough
40899622,Nevada,Samanthachester
59702262,North Carolina,Edwinmouth
41166638,Montana,Lucasburgh
96003280,Pennsylvania,Rossport
2780616,Vermont,East Susanville
20655533,Arkansas,East Joy
16512485,Kentucky,Jasminemouth
7933527,Massachusetts,Davidland
61467599,Kentucky,New Alexanderburgh
52585705,Tennessee,North Jessicachester
44586403,Michigan,Nelsonhaven
85936109,Alaska,North Jeffreychester
80412700,New Jersey,South Emily
47869545,Maine,New Theresa
56484690,Minnesota,Port Vanessa
86960048,Iowa,Joeborough
24841270,Maine,North David
72666253,New Hampshire,New Jeffreytown
37412795,Massachusetts,New Kimberly
2841187,Washington,South Lisatown
44514297,Mississippi,Lake Alexisborough
9676148,North Dakota,Port Bridgetbury
78152698,Hawaii,Jonesmouth
55131269,Mississippi,Gregoryborough
89253091,Illinois,Smithstad
40620705,Idaho,New John
44216116,Illinois,Turnerchester
3598929,New Hampshire,Sharonville
10393560,Pennsylvania,East Darin
65962765,Iowa,Nicoleberg
50045039,Iowa,South Matthew
79313080,South Carolina,Lewisland
45219295,Louisiana,Gloverbury
7992778,New York,West Mandy
16396263,Massachusetts,Port Mirandaville
38588057,Nevada,South David
34394476,Mississippi,Port Carrie
26389957,West Virginia,Timothyshire
87537262,South Dakota,New Douglashaven
16756443,Missouri,Jonesmouth
10457388,New Hampshire,New Julieland
63262239,New York,West Austin
68155895,New Hampshire,Lake James
38956374,Alabama,Meghanberg
29020331,Hawaii,Stephanietown
14747701,Tennessee,East Philipborough
54101194,Rhode Island,Derekstad
34263189,Hawaii,South Dannyborough
39566053,Oklahoma,West Charlesberg
20189562,South Dakota,Lake Destinyland
5614934,Minnesota,North Brandonhaven
15200195,Missouri,North Garrettville
58438444,Kentucky,Owenport
54512446,New Jersey,Port Ernestton
31994180,Delaware,Jacobsmouth
19258945,Texas,Port Jessicaborough
11612678,Louisiana,South Jefferyfurt
16831544,Iowa,Gomezmouth
80395763,Vermont,Robertton
63667397,Illinois,Lake Kimberly
90035696,Ohio,Ashleyhaven
78434651,Oklahoma,Port Terrichester
52086425,West Virginia,Brianport
13863773,Virginia,Georgefurt
35587906,Delaware,North Debbieborough
93771667,Virginia,Lake Calvinborough
28147893,Rhode Island,Lake Jennifer
81611808,Idaho,Andersonstad
12716652,Missouri,Rodriguezside
64318244,Minnesota,Carolstad
30263475,Wisconsin,Kelleyborough
52087605,South Carolina,Alexanderburgh
19349582,California,North Josetown
62645039,Kentucky,Hallport
43117082,Utah,Lake Mark
53201827,Arizona,Navarrohaven
26725734,Tennessee,Kelseyland
70289855,Vermont,North Allison
23211902,Mississippi,Port Victoriastad
61104049,South Carolina,Zacharyland
1387545,Hawaii,South Karenside
22166831,New York,Timothyport
13659091,Delaware,North Christopherchester
37318530,Vermont,Lake Michael
60420408,Rhode Island,South Peter
54596204,Kentucky,Millerfurt
88921660,Montana,Mendezmouth
64047435,Kentucky,Kellieside
15619945,Hawaii,New Donna
2398977,West Virginia,New Lesliebury
8599516,Pennsylvania,Tonihaven
45865900,Ohio,Rhodesville
23955524,Colorado,Sethbury
77284096,Alabama,Montoyafurt
38559159,Missouri,Lake Alicia
35354128,Connecticut,Cynthiaville
65202248,New Hampshire,West Michaelfort
88963567,Mississippi,North Stevenfort
7008225,Arizona,Lake Brittany
13406655,New Hampshire,West Timothy
26027211,Nevada,Maryton
69004291,Wisconsin,Port Amandafurt
5455620,Nebraska,Thompsonland
46695705,Maine,West William
72240191,New York,Wilsonhaven
92347786,Oregon,Shafferville
72500094,Minnesota,South Jaredberg
54188703,Arkansas,Port Gregory
64894694,Idaho,Hendersonfort
81352658,New York,Lake Gregory
95429996,Alabama,Port Ruthstad
46043469,Oklahoma,Jonathanside
10680764,Louisiana,Lake Shawnside
7315299,Nebraska,North Whitney
52518185,North Dakota,South Danielside
22187422,New Hampshire,Brianfurt
6956430,Minnesota,West Joseph
45942810,Delaware,New Donna
5664502,Indiana,Seanside
43087608,Oklahoma,Davidshire
66323472,Wisconsin,Lake Anthonybury
10256601,Florida,New Stephanieside
2504215,Montana,Port Jeanne
67859071,New York,West Laura
98443173,Wisconsin,South Dustin
17139851,South Dakota,Dennisberg
76612896,South Dakota,South Toddfurt
93622143,Nevada,North Samanthaburgh
67586446,Wyoming,Cuevaston
86582510,Alabama,Kirkville
89884023,New York,East Melissaside
64227482,Vermont,East Eduardo
17934762,Montana,East Lisaview
8738566,Arizona,Maciasview
33353434,North Carolina,East Michael
1537055,Alaska,Lake Danielstad
187869,Maryland,Port Brendamouth
10476907,Mississippi,South Katherineside
91220456,Idaho,Lake Jessicastad
95263053,Alabama,Port Timothy
53913701,Tennessee,Port Edwardfurt
60693714,Illinois,Vanessaberg
14016821,Georgia,East Michael
32037479,Arizona,West Nicholaston
73853909,New Jersey,West Jacquelineside
32763887,Florida,Schwartzstad
84432686,Texas,Kathyborough
32626004,Utah,South Brian
61280190,Kentucky,Mendozastad
23564256,Missouri,Lake Vincentfurt
22488126,Delaware,East Davidside
26983218,Arkansas,South Christophertown
74354512,Maryland,West Kristinabury
91323511,Illinois,North Benjamin
91019372,Connecticut,New Kylehaven
5476978,New York,North Gerald
57443972,Montana,East Amandafort
53088014,Kentucky,Kingport
33575208,New Hampshire,East Nicholasland
77061448,Oregon,North Patricia
47069006,Vermont,Cookchester
65759169,Florida,Port Ruthshire
64201921,California,Estradaview
9637235,Kansas,Fullerfurt
77492742,Michigan,East Scottberg
66133043,Oklahoma,Debramouth
92375332,Virginia,South Karenborough
95602727,Arizona,Paulside
33063054,Montana,North Anthony
73896701,Massachusetts,New Jesseview
82244161,South Carolina,North Jose
44511743,Utah,South Heathermouth
48241276,Arkansas,Gonzalesfurt
25053775,Wyoming,North Davidport
44920073,Delaware,East Erin
77392849,New Hampshire,South Monicaport
64327654,Washington,South Derrick
42101494,Ohio,Hoville
46006105,North Dakota,Port Kim
51336371,Washington,Pearsonhaven
19085330,Vermont,South Teresaville
65604311,Vermont,Barryland
12710211,Virginia,Port Mariaburgh
40532340,Pennsylvania,New Peter
13625647,Tennessee,North Shaun
62496060,Oregon,Foxside
55608519,Mississippi,Lake Christopher
17810228,West Virginia,South Michael
48436639,Arizona,Kevinfort
60367335,Montana,Escobarmouth
75547153,Arkansas,Lake Elizabethshire
61123517,Illinois,Villarrealmouth
39687483,Arkansas,East Juliaville
64963696,North Dakota,Turnerchester
35051829,Idaho,Feliciatown
51114725,New Mexico,North Ashley
94685088,Missouri,West Rebeccamouth
33870084,Wisconsin,North Joshuashire
42074623,Virginia,New Brianborough
2500608,Texas,Molinaborough
23748386,Oklahoma,New Candicechester
61425885,California,Port Debraburgh
24391628,California,Oliviaburgh
6934364,Nebraska,Port Jennifer
35340449,New Jersey,West Jamesport
73034795,Wisconsin,Maddoxfurt
49074247,Massachusetts,North Sandramouth
23501247,Tennessee,Veronicamouth
21693791,Nevada,Laurenfort
38622123,New Jersey,Nancyshire
28319195,Massachusetts,Rivershaven
43062046,Montana,Careyborough
17411986,Alabama,New Rebecca
81989435,Alabama,Andrewfort
10239701,Utah,Stephanieside
71675373,West Virginia,Port James
5788701,Wyoming,Watsonland
97266387,South Carolina,West Barbarastad
51619359,Indiana,Billymouth
51539181,Oklahoma,West William
69579919,Oklahoma,Curtisberg
4107676,Delaware,Lake Christinahaven
10702346,Ohio,Lake Katelyn
64897921,Kansas,Port April
59188558,South Dakota,Littlestad
76516562,Wisconsin,Lake Anitastad
42091388,Colorado,North Brittany
62960842,Mississippi,Christinamouth
15610375,Washington,Sarahchester
39736482,New Jersey,North Davidport
16395052,Iowa,West Kevinton
27986295,Illinois,New Robert
84137402,Alaska,East Juliemouth
34906996,Michigan,North Jonathan
29938636,Massachusetts,East Gabrielle
15659837,Arizona,North Rhondastad
59852203,Minnesota,Braystad
30477529,Nebraska,Stoneview
70113817,Missouri,Brandyberg
96670729,West Virginia,Brandonburgh
80541360,Arkansas,North Amanda
50116609,Louisiana,Lake Whitneyburgh
6435268,North Carolina,Port Jeremymouth
68284727,Kentucky,South Annashire
86726899,Tennessee,Gomezfort
34550878,South Dakota,Marshchester
21615989,Massachusetts,South Brian
97019921,Oregon,Penatown
64815925,New Hampshire,South Jason
5122562,Missouri,East Toddmouth
36006209,Vermont,West Teresa
84621633,Oklahoma,Anthonyview
38794083,Nebraska,Jonesfort
36510149,California,Jillview
22456467,Georgia,East Madeline
49306237,Indiana,Port Cheyenne
80187057,Rhode Island,East Steve
3183702,Montana,Taylorhaven
21453391,Arizona,Emilyport
17528331,Massachusetts,West Jasmine
16331461,Maine,Traceymouth
69646522,North Dakota,Lake Darrylton
50398928,Ohio,West Shawnaport
7002336,Idaho,Greenefurt
7038376,Montana,Alanfort
73575626,Wyoming,Jenniferton
51051834,Tennessee,Greenville
31261538,Ohio,Port Jared
58576392,Vermont,Melissashire
44531463,Alabama,Yoderton
88873470,Alabama,Johnberg
70701996,Idaho,West Dylanberg
26510479,Maryland,North Anthonychester
71006698,Mississippi,Markmouth
40250113,Kansas,East Melissamouth
71051313,New York,West Thomasburgh
98963381,Colorado,Dianehaven
71154094,Wyoming,South Gregoryview
4368089,New Mexico,Michelleshire
49409942,Maine,Lake Meghantown
85701958,Delaware,Davisland
41663124,Louisiana,New Ryanview
90016819,Rhode Island,Scottchester
20571955,New Hampshire,West Saraberg
35036543,Hawaii,Jenniferberg
90895508,Utah,East Jacqueline
16120724,Minnesota,Johnsonton
61174248,Massachusetts,Smithmouth
97786142,South Dakota,Clarkport
22689243,New Jersey,Figueroabury
53483411,Arkansas,East Stanleymouth
61206411,New Mexico,Lake Nicholasshire
56111513,Montana,Leonardburgh
7710508,Nebraska,Theresamouth
36998416,North Carolina,South Vincenthaven
84738732,Indiana,East Nicholas
12890694,Nevada,North Kylehaven
55821390,Utah,Chloestad
76698869,Missouri,Lake Leahside
55554467,Wisconsin,North Deniseborough
54202036,Kansas,South Kristina
32507194,New Mexico,Reedstad
6089125,Texas,Williamborough
83835102,Idaho,East Danielport
75163842,New Hampshire,South Amy
92564653,Pennsylvania,Nicholasburgh
62272820,North Dakota,East Brian
82007281,Kentucky,West Deanmouth
63020340,Maine,West Rodneystad
47048162,Vermont,Curryfort
35953542,Maryland,East Phillipview
21313031,Washington,West Kimberly
17883628,Hawaii,Mannchester
15601778,Nebraska,West Kyleberg
76414850,Arizona,Richardsonside
30941699,Florida,North Daniel
75415242,Texas,Martinland
50166087,New York,Michaelbury
13867623,Pennsylvania,Whiteside
64777554,Montana,Davilatown
1205997,Tennessee,Angelaside
67180336,New Jersey,Emmaport
56270706,Maine,Hillport
60651734,South Dakota,West Brianmouth
93793759,Michigan,New Suzanneport
86696553,Vermont,Megantown
32130648,Idaho,Thomasbury
72973049,New Hampshire,Levyborough
1064709,Pennsylvania,North Ronaldborough
52276844,Oklahoma,Dixonview
23486379,New York,New Christina
46163546,Wyoming,South Hollyville
1798040,Tennessee,South Christina
7425913,Tennessee,North Christyburgh
47003305,Louisiana,Patrickfurt
38388439,Iowa,Matthewport
93681069,Pennsylvania,Bradleyshire
81695446,Michigan,Kempside
12960816,Rhode Island,Gallowayton
43819505,Pennsylvania,West Kyleshire
78173406,Louisiana,Nelsonmouth
83826567,New Mexico,Michelleburgh
78505243,Montana,Krausemouth
10715236,Maryland,West Andre
83792095,Oklahoma,Port Mariamouth
75979296,Rhode Island,East Ronald
57202394,Iowa,South Sharonbury
9028865,Texas,Hillmouth
14152773,West Virginia,West Lynn
7241721,Virginia,South Tamaratown
76158706,Montana,Port Andrewbury
37804310,North Carolina,Monicamouth
20435924,Georgia,North Ricardoberg
62128390,Nebraska,Danamouth
81244333,New York,North Thomas
88282930,Iowa,South Brianville
47571078,North Dakota,West Johnbury
38930678,Tennessee,Smithville
7567907,Connecticut,Colonburgh
28908186,Montana,Lorettashire
88461612,Georgia,South Darrell
46113112,Hawaii,Hopkinston
15334867,Colorado,East Jenniferborough
45473756,California,East Madison
77953834,New York,Sallyburgh
21243631,Oklahoma,East Williammouth
22056223,Kansas,Shepherdside
8619221,Tennessee,Butlerview
13315522,Maryland,East Christine
41733380,Indiana,South John
71125840,Nebraska,Cindyberg
23276871,Oregon,East Isaiah
31812611,South Carolina,Meganport
84294585,Illinois,Lake Eric
50833973,Virginia,Kimberlybury
57935690,Florida,New Cynthia
87237335,California,Webstertown
48098869,Pennsylvania,Ronaldfort
13809123,Maryland,Tateland
53222527,Missouri,Gregorybury
1414168,Louisiana,North Michellechester
88637913,California,East Dustinborough
70232035,Illinois,New Michael
90778572,North Carolina,New Pamela
91766527,Wisconsin,Port Kevin
98471131,South Carolina,Brianstad
12329665,New Hampshire,Johnsontown
7253065,Wisconsin,New Anna
18063962,Alaska,East Natasha
94215247,Washington,South Lindseybury
28099214,Vermont,Philipfurt
82374803,Indiana,Cameronborough
80439754,Mississippi,Lake Darinport
29243005,Florida,West Glenn
49587787,New York,Port Frank
61995031,Nebraska,Mcdonaldland
51514758,New York,North Emily
22648339,Tennessee,New Valeriefurt
8011983,Tennessee,West Jamesmouth
21385825,Indiana,East Emily
34083788,Arkansas,South Michelleburgh
47533,Utah,Andrewfurt
93420339,Alabama,Amymouth
63880262,Wisconsin,Lisaside
88896188,Illinois,Port Taylor
21999190,Rhode Island,South Colleen
19400388,Illinois,West Jesusbury
24984016,Maine,Michaelfurt
62468748,Iowa,Morrowland
88758760,Minnesota,Port Nicole
73250603,Alaska,Robertsonchester
47717877,Pennsylvania,Tanyaborough
37150855,West Virginia,Vincenttown
83733833,Delaware,Port Tom
13091493,Missouri,West Alexhaven
77613001,Nebraska,New Edward
25532761,Iowa,South Meganmouth
78179696,Montana,Powellborough
30726616,Missouri,Melanieshire
12147696,North Dakota,Nelsonberg
30223644,Mississippi,West Staceyburgh
15225368,Colorado,Sarahside
11237194,Arkansas,Lake Sharonport
94460022,Arizona,Jordanside
87759709,Delaware,New Shannon
12638076,North Carolina,Grantberg
78316827,North Dakota,Diazborough
87002393,Missouri,Andreaburgh
78700518,Wyoming,Houstonview
88562625,Mississippi,Matthewville
92799709,Louisiana,Lake Ryan
10074637,West Virginia,East Erikfurt
53792131,Pennsylvania,North Stephenshire
31843944,Utah,North Markfurt
7640963,Florida,West Heatherbury
18664493,South Carolina,Williamstown
71936614,Delaware,New Micheleborough
67716311,Washington,Burketown
39388424,West Virginia,Brandtfort
30809838,Indiana,Sarahburgh
81101806,Ohio,New Carolyn
64641155,Iowa,Angelaside
56841651,Arizona,South Paulview
66123985,Arkansas,Jamesfort
41573340,North Dakota,Lake Brendaland
16983541,Pennsylvania,Barbaraport
92699069,Nevada,Matthewberg
97412861,Washington,Coltonborough
42502301,Idaho,Port Juliashire
76519340,Texas,North Kristinbury
10794722,Nebraska,West Amy
38545398,Oklahoma,Louisstad
84640596,Illinois,East Christopher
4765358,Kentucky,West Pamelaberg
83007369,Ohio,Beckerberg
81596390,New Mexico,East Jack
54476190,Michigan,Jennifermouth
31080978,Missouri,Lake Jeff
29816965,Nebraska,North Nathanstad
39633180,Wisconsin,Aarontown
94498010,Wisconsin,Lake Johnstad
56724507,Missouri,Jonesburgh
71861873,Louisiana,Lambstad
52674931,California,Brandonborough
80710184,Missouri,East William
74478775,Louisiana,Joelmouth
16530586,Ohio,Robertsland
94227511,Arkansas,North Markton
58159821,Missouri,Jordanstad
72780419,Missouri,North Lisabury
78684618,Kansas,Hensleymouth
66833006,Ohio,Lake Bryan
8456805,Missouri,New Allisonchester
37354833,North Carolina,West Dannyberg
34695051,Oregon,Christopherborough
2368023,Hawaii,Michaelburgh
4063978,Alabama,Estradaport
90519414,Nebraska,Simsbury
20644632,New Mexico,Jimenezton
50393780,Texas,East Robinburgh
72683662,Michigan,Lake Danny
80956117,Minnesota,South Carolfurt
72319249,Rhode Island,North Barry
28602890,Hawaii,Powersborough
45811842,New Jersey,Lake Cindyland
43372457,Massachusetts,East Darlene
84084770,Rhode Island,Port Juliefurt
25166797,North Carolina,South Jeremyland
57570130,Illinois,Griffithstad
49572540,Georgia,Kevinhaven
25642046,Louisiana,Randyville
52329506,Ohio,Williamsburgh
89741449,Florida,South Derrickville
1920813,South Carolina,New Chadville
30764238,Nevada,South Tyler
67382329,Florida,Port Randyburgh
13729085,Hawaii,Shannontown
44428718,Michigan,West Emilyfurt
41939112,Minnesota,Tarahaven
23057722,Rhode Island,East Mallory
2458924,Wisconsin,New Steve
77756086,Wyoming,Port Lisahaven
27034462,Nevada,North John
34118350,Nevada,Jacobberg
47454392,South Carolina,East Jodi
98779430,Montana,Hebertside
29237400,Arizona,Lake Timothyville
14827716,Oregon,Lake Christy
72060752,Idaho,Lake Kayla
59668898,Wyoming,South Alicia
25539970,Alaska,South Melissafurt
31135532,Maryland,South Melissa
82259462,Minnesota,West Nicholasstad
35307825,North Dakota,Beasleyfort
49366617,North Carolina,West Briana
70597401,Vermont,Lake Jameston
81910383,Massachusetts,Ramosmouth
76680060,Louisiana,Deanbury
50192932,Louisiana,Michelleshire
69681302,Minnesota,Maryland
24377426,Massachusetts,Port Melissashire
17477523,West Virginia,Lynnhaven
82667423,Pennsylvania,Kristinfort
95482735,Oregon,Annamouth
6318615,South Dakota,South Kimberly
20582450,North Carolina,West Ryanside
13275849,Wisconsin,Brianberg
31703191,Washington,Port Melissa
23623401,Pennsylvania,North Deborah
28551704,Nevada,Wadeview
11990855,Colorado,North Charles
97434742,Nevada,Joseton
43993049,Louisiana,Lake Brendanchester
55629785,West Virginia,North Scottville
30811961,Missouri,East Andreafort
96302381,Mississippi,Nicholstown
77494150,New Jersey,Deleonborough
21571361,Mississippi,Victoriachester
58871881,Kansas,South Michaelfort
45213110,Wyoming,North Robert
98700706,Hawaii,Robbinsmouth
68559080,Minnesota,Rachelburgh
72745270,Indiana,Martinezstad
88572131,Idaho,Carolborough
96988364,Colorado,West Benjaminmouth
81254591,Wisconsin,New Dennis
19386530,Arkansas,South Melissachester
89660530,Alabama,West Johnmouth
1469926,Michigan,Larsenshire
13315192,South Carolina,South Kelly
84077782,Texas,Elizabethmouth
54521117,Missouri,South Angela
42798989,Wyoming,Port Justinmouth
99348271,Nebraska,East Elizabeth
33882722,Missouri,South Mary
16312569,Alabama,Davishaven
4550536,Missouri,South Suzanne
4725312,South Carolina,Phamview
32258079,Alaska,South Nicholasshire
5440702,West Virginia,Brandonton
85190642,Iowa,West Reginachester
73994889,Arkansas,East Matthewmouth
19902740,Iowa,Patelberg
1012119,North Dakota,Port Daniel
12542375,North Carolina,North Matthewton
37002655,Kansas,Lake Daniel
12573982,Wyoming,Amandaborough
18445679,Ohio,North Cynthia
3583254,Oklahoma,East Ronald
27796265,Texas,South Eduardo
12079573,Florida,North Richardview
52627037,Georgia,Lake Rodney
27212028,Virginia,Lake Nicoleland
29944680,Maine,Port Michelle
9848492,Georgia,Lake Katherinestad
37580713,Nevada,Nicolefort
46394993,Kentucky,Jasonport
31675600,Missouri,Davidfort
83955360,Minnesota,East Desireeview
36952919,Pennsylvania,Wardberg
36691767,North Dakota,Jonesstad
58912718,Rhode Island,New Terryville
41417391,Iowa,Pamelahaven
77435514,Iowa,Guzmanberg
4172477,Nevada,Port Lucas
9597803,Illinois,West Charlottefort
25270786,New York,Rivashaven
43550837,Oregon,Michaelberg
43750689,Kentucky,North George
55687507,Kansas,West Christine
79575618,Indiana,West Steven
7063430,Oregon,Lake Sarah
44954939,Michigan,Amberstad
1680171,New Jersey,North Chad
47928892,Indiana,Port Lisabury
63162063,Missouri,Munozton
92589237,Michigan,Charlesstad
31479740,Virginia,South Timothyfort
87925021,Louisiana,East Joseph
71490710,Tennessee,Raymondchester
5009585,Wisconsin,Lake Shannonborough
53788472,Wisconsin,Millermouth
68580685,Tennessee,Lake Kristy
77740842,Missouri,East Michelle
28736679,Arizona,Rodriguezstad
16011731,North Carolina,New Matthew
46053734,Maryland,South Donaldside
29568072,Maryland,New Gilbertfort
37382782,Minnesota,Nelsonchester
97009430,West Virginia,Stephenbury
93649162,New York,Petersonfurt
20918130,Hawaii,Brianfurt
39111481,California,West Nancyfurt
83990877,New York,West Nathanside
3491712,Illinois,North Charlesview
38225737,Oregon,North Brianna
55028021,Kentucky,Rogermouth
59805686,New Hampshire,West Jasonstad
13341075,Idaho,West Kristin
18960449,Pennsylvania,Port Carlosmouth
48650719,Indiana,Ronaldshire
47399246,Colorado,North Cory
66188489,California,Davidview
67412862,Alaska,Carterburgh
24884001,Wisconsin,Lake Steven
50630514,Maine,East Garystad
99579060,Vermont,Lake Stephen
41405453,Pennsylvania,North Nicoleburgh
18303968,Tennessee,Port Gina
31909692,New Mexico,South Austin
43253371,Indiana,East Michelleberg
93170130,West Virginia,New Juan
2162588,South Carolina,Webbport
23325383,Maine,Robertside
35210660,Louisiana,North Brentport
94409302,Montana,New Jasminport
58588649,Missouri,Rhondaburgh
68049179,Utah,Adamfurt
62051572,Alaska,Gilbertborough
92359184,Hawaii,West Jeremyfurt
21841589,Wisconsin,Phyllismouth
31585434,New York,Steeleside
97484105,Ohio,East Travis
65538883,North Dakota,Floreston
94914656,Pennsylvania,Autumnview
49898948,North Carolina,East Saraport
39963623,South Dakota,Lynchton
25511958,Alaska,Lindaburgh
34573013,Idaho,New Shawn
39628475,Maryland,Contrerashaven
13897604,Kentucky,Port Donaldstad
5202871,Idaho,South Nicholasberg
72965564,Kansas,East Erikamouth
57025764,South Carolina,North Elizabethview
97879526,Montana,North Dillon
83879348,Rhode Island,Caseyfurt
63508160,South Carolina,Port Joshua
32759860,Oregon,Nguyenhaven
1221082,Oregon,Brendanport
91682715,Virginia,New Stevenland
59355610,New Jersey,Matthewchester
25784856,West Virginia,East Dillon
44274984,Iowa,Robertville
41267175,Colorado,Margaretborough
87097042,New Mexico,East Madelineburgh
4023207,Missouri,New Jennifer
8125200,Vermont,Lake Kathleen
21570954,Georgia,Frenchport
69009497,Maryland,Brownside
96316250,California,Estradastad
50170583,Washington,Johnmouth
15590139,Utah,New Michaelbury
53436626,Idaho,Shepardtown
74317993,Nebraska,Oliverport
23782034,Illinois,Lake Andrea
36562470,Idaho,West Heathermouth
99592886,Indiana,Manningberg
5123811,Ohio,Ericborough
42188197,Kentucky,Fitzpatrickbury
8501999,Nevada,Adamsberg
11104348,Indiana,Lopezburgh
31334352,New Hampshire,Heatherport
33072901,Kansas,Larryshire
40247946,Missouri,North Amberchester
43533897,Georgia,Jonathanton
97247992,Montana,Lake Joshuastad
77147532,South Dakota,West Carl
23242693,New Hampshire,North Stephanie
31699895,Wisconsin,Spencermouth
94342126,Tennessee,South Alexton
2909914,Vermont,Lake Paul
11624111,Wisconsin,West Emmashire
77578344,Alabama,South Anna
94881932,Rhode Island,Port Christy
28707313,Florida,South Samuel
7291004,Arkansas,Karenberg
40102126,Alaska,New Andreahaven
62872351,Virginia,Brucemouth
60139978,Wyoming,Odonnellhaven
88622469,New York,Stewartland
32412502,Alaska,Smithmouth
90004380,North Dakota,West Amanda
24702582,Virginia,Port Emilyhaven
73607161,Maryland,Sarahmouth
94787170,South Dakota,Martinezshire
28616875,Arkansas,East Roger
59137874,Arkansas,Mooreburgh
386567,Nebraska,Christinaborough
69107821,Alabama,East Sandyberg
508398,New Jersey,Adamsburgh
29275778,Massachusetts,Franceston
53668779,Florida,West Michael
20387485,Georgia,Michaelchester
49817106,Wisconsin,Henrymouth
30272743,Nevada,Kylechester
52270600,Pennsylvania,Melendezfort
17689516,South Dakota,Goldenview
87588563,Georgia,Mendozafort
44297796,New Hampshire,Clarkfurt
79143194,Virginia,Dominguezhaven
11974150,Texas,South Chadside
89886853,Michigan,Owenside
4705100,North Dakota,Lake Christown
59012250,Vermont,North Jonathon
6076206,Connecticut,Jamesview
50591182,Texas,Meadowsville
43845961,Maine,New Kimberlybury
84364625,Maine,East Anthonyland
82010737,Rhode Island,Port John
21780453,West Virginia,North Michelleside
44380369,Wisconsin,Josemouth
12643663,Alabama,Lake Adam
67340696,Oklahoma,New Jamie
18157574,North Dakota,Stephanieberg
67647749,Maryland,Jacquelinemouth
75915637,Arizona,Alexanderburgh
1087520,Delaware,South Dianeshire
44688264,North Dakota,West James
65361423,Arizona,Langchester
80931286,Alaska,West Jordanside
84594111,Minnesota,North Elizabethstad
73712531,Iowa,Lindafurt
51147902,Oklahoma,West Heather
5472120,Ohio,New Michael
32576714,Wyoming,North Ashley
59843153,Virginia,West Johnny
55940909,Illinois,West Brianside
16234666,South Dakota,Daniellefurt
77268900,Nevada,East Joshua
74600644,Virginia,Williamsfort
60952651,Montana,Brandonmouth
47455983,Rhode Island,Thomasview
27029449,Nebraska,Carrstad
11285134,Idaho,Williamsville
70103806,Pennsylvania,West Traci
4416783,Maine,Brownport
22645760,Alabama,Brettshire
76141866,Georgia,Rogershaven
18824509,Kentucky,East David
13814817,Utah,New Danielstad
20755468,New Hampshire,East Sherriside
63193438,Massachusetts,Patriciamouth
25272013,Massachusetts,Kingbury
72154872,Louisiana,Diazport
88149423,South Dakota,Micheleton
20308868,Rhode Island,Teresaland
99202410,Oklahoma,Bellhaven
39219638,South Dakota,Brianchester
18940970,Pennsylvania,New Andreborough
33032903,Alaska,Evanville
42304572,Connecticut,North Joechester
68492367,Kansas,Curtisville
78224727,Missouri,Jasonport
50923557,Wisconsin,Port Michaelshire
92032907,Washington,South John
37467354,Minnesota,Valenciaview
41282477,Tennessee,Johnsside
93080653,South Carolina,Westborough
19915199,Arizona,Aaronchester
46280482,Delaware,Estradahaven
18959774,Utah,Joshuamouth
95613794,North Carolina,Seanmouth
88645468,Wyoming,Tanyatown
59717311,Rhode Island,New Jared
90985452,New York,Thomasmouth
68326171,Maine,Markfort
77238592,North Dakota,Sanchezborough
11144443,New Jersey,Mitchellview
